,game_dt,s,team_name
17172,19700920,-2,Washington  Senators
34564,19610519,-2,Washington  Senators
34565,19610520,-1,Washington  Senators
34581,19610613,-1,Washington  Senators
34582,19610614,4,Washington  Senators
34583,19610615,3,Washington  Senators
34620,19610907,-3,Washington  Senators
34621,19610908,-1,Washington  Senators
34622,19610908,-2,Washington  Senators
34623,19610909,4,Washington  Senators
34624,19610910,-1,Washington  Senators
34635,19610425,-5,Washington  Senators
34636,19610426,1,Washington  Senators
34664,19610616,-5,Washington  Senators
34665,19610617,-1,Washington  Senators
34666,19610618,-1,Washington  Senators
34667,19610618,-1,Washington  Senators
34695,19610822,-1,Washington  Senators
34696,19610823,-5,Washington  Senators
34697,19610824,-1,Washington  Senators
34713,19610419,5,Washington  Senators
34714,19610420,-5,Washington  Senators
34751,19610623,-1,Washington  Senators
34752,19610624,-6,Washington  Senators
34753,19610625,-4,Washington  Senators
34754,19610625,-3,Washington  Senators
34766,19610805,-5,Washington  Senators
34767,19610806,-1,Washington  Senators
34768,19610806,-1,Washington  Senators
34955,19610505,3,Washington  Senators
34956,19610507,-2,Washington  Senators
34957,19610507,1,Washington  Senators
34987,19610627,3,Washington  Senators
34988,19610628,-1,Washington  Senators
34989,19610628,3,Washington  Senators
34990,19610629,2,Washington  Senators
35007,19610808,-1,Washington  Senators
35008,19610809,-2,Washington  Senators
35042,19610509,-5,Washington  Senators
35043,19610509,1,Washington  Senators
35044,19610510,-6,Washington  Senators
35045,19610511,5,Washington  Senators
35058,19610611,3,Washington  Senators
35059,19610611,-1,Washington  Senators
35085,19610802,-1,Washington  Senators
35086,19610802,4,Washington  Senators
35087,19610803,-1,Washington  Senators
35130,19610523,4,Washington  Senators
35131,19610524,-1,Washington  Senators
35132,19610525,-1,Washington  Senators
35159,19610728,4,Washington  Senators
35160,19610729,-1,Washington  Senators
35161,19610730,4,Washington  Senators
35189,19610929,2,Washington  Senators
35190,19610930,1,Washington  Senators
35191,19611001,-1,Washington  Senators
35209,19610521,4,Washington  Senators
35210,19610521,5,Washington  Senators
35211,19610522,-2,Washington  Senators
35236,19610721,-11,Washington  Senators
35237,19610722,-1,Washington  Senators
35238,19610723,-5,Washington  Senators
35268,19610926,1,Washington  Senators
35269,19610927,-2,Washington  Senators
35270,19610928,-9,Washington  Senators
35351,19610421,2,Washington  Senators
35352,19610422,-1,Washington  Senators
35353,19610423,-1,Washington  Senators
35397,19610725,1,Washington  Senators
35398,19610726,-1,Washington  Senators
35399,19610727,-3,Washington  Senators
35423,19610923,2,Washington  Senators
35424,19610923,-10,Washington  Senators
35425,19610924,3,Washington  Senators
35520,19610516,1,Washington  Senators
35521,19610517,1,Washington  Senators
35540,19610630,-4,Washington  Senators
35541,19610701,-1,Washington  Senators
35542,19610702,-9,Washington  Senators
35576,19610904,-2,Washington  Senators
35577,19610904,-1,Washington  Senators
35578,19610905,-5,Washington  Senators
35579,19610906,-8,Washington  Senators
35990,19620511,11,Washington  Senators
35991,19620512,-1,Washington  Senators
35992,19620513,-1,Washington  Senators
36004,19620605,-1,Washington  Senators
36005,19620606,1,Washington  Senators
36006,19620607,-7,Washington  Senators
36044,19620830,1,Washington  Senators
36053,19620912,1,Washington  Senators
36054,19620913,-6,Washington  Senators
36066,19620424,-3,Washington  Senators
36067,19620425,-6,Washington  Senators
36068,19620426,-1,Washington  Senators
36114,19620803,1,Washington  Senators
36115,19620804,2,Washington  Senators
36116,19620805,2,Washington  Senators
36117,19620805,-1,Washington  Senators
36138,19620930,2,Washington  Senators
36139,19620930,-2,Washington  Senators
36153,19620515,-1,Washington  Senators
36154,19620516,2,Washington  Senators
36187,19620717,1,Washington  Senators
36188,19620717,4,Washington  Senators
36189,19620718,1,Washington  Senators
36210,19620907,5,Washington  Senators
36211,19620908,-3,Washington  Senators
36212,19620909,-1,Washington  Senators
36213,19620909,-1,Washington  Senators
36383,19620413,3,Washington  Senators
36384,19620414,-2,Washington  Senators
36412,19620622,-4,Washington  Senators
36413,19620623,2,Washington  Senators
36414,19620624,2,Washington  Senators
36415,19620624,-2,Washington  Senators
36440,19620813,9,Washington  Senators
36441,19620813,1,Washington  Senators
36457,19620911,-3,Washington  Senators
36466,19620417,-7,Washington  Senators
36467,19620418,-4,Washington  Senators
36491,19620619,-5,Washington  Senators
36492,19620620,1,Washington  Senators
36493,19620621,-3,Washington  Senators
36525,19620824,-10,Washington  Senators
36526,19620825,-2,Washington  Senators
36527,19620826,-2,Washington  Senators
36528,19620826,3,Washington  Senators
36648,19620530,8,Washington  Senators
36649,19620530,-3,Washington  Senators
36650,19620531,-1,Washington  Senators
36660,19620706,-3,Washington  Senators
36661,19620707,-1,Washington  Senators
36662,19620708,-1,Washington  Senators
36683,19620814,-1,Washington  Senators
36684,19620815,-4,Washington  Senators
36685,19620816,-2,Washington  Senators
36723,19620528,-2,Washington  Senators
36724,19620529,1,Washington  Senators
36746,19620715,-4,Washington  Senators
36747,19620715,6,Washington  Senators
36748,19620716,3,Washington  Senators
36766,19620817,-1,Washington  Senators
36767,19620817,-1,Washington  Senators
36768,19620818,2,Washington  Senators
36769,19620819,-3,Washington  Senators
36890,19620601,1,Washington  Senators
36891,19620602,-7,Washington  Senators
36892,19620603,-2,Washington  Senators
36908,19620712,3,Washington  Senators
36909,19620713,-4,Washington  Senators
36910,19620714,1,Washington  Senators
36931,19620821,-3,Washington  Senators
36932,19620822,0,Washington  Senators
36933,19620823,2,Washington  Senators
36934,19620823,6,Washington  Senators
37038,19620505,-1,Washington  Senators
37039,19620506,2,Washington  Senators
37040,19620506,-8,Washington  Senators
37072,19620720,-1,Washington  Senators
37073,19620721,-1,Washington  Senators
37074,19620722,1,Washington  Senators
37075,19620722,5,Washington  Senators
37107,19620925,-5,Washington  Senators
37108,19620926,-4,Washington  Senators
37596,19630410,-1,Washington  Senators
37613,19630516,-8,Washington  Senators
37620,19630523,-6,Washington  Senators
37640,19630723,-4,Washington  Senators
37641,19630724,-3,Washington  Senators
37642,19630725,-2,Washington  Senators
37669,19630920,-1,Washington  Senators
37670,19630922,-3,Washington  Senators
37671,19630922,2,Washington  Senators
37686,19630510,-3,Washington  Senators
37687,19630512,1,Washington  Senators
37688,19630512,-3,Washington  Senators
37689,19630513,-3,Washington  Senators
37701,19630612,-2,Washington  Senators
37702,19630613,-2,Washington  Senators
37743,19630830,7,Washington  Senators
37744,19630831,-1,Washington  Senators
37745,19630901,-1,Washington  Senators
37766,19630503,3,Washington  Senators
37767,19630504,-7,Washington  Senators
37768,19630505,-8,Washington  Senators
37769,19630505,1,Washington  Senators
37805,19630716,2,Washington  Senators
37806,19630717,-6,Washington  Senators
37835,19630927,-9,Washington  Senators
37836,19630927,-6,Washington  Senators
37837,19630928,-5,Washington  Senators
37838,19630929,7,Washington  Senators
38004,19630416,-3,Washington  Senators
38025,19630614,3,Washington  Senators
38026,19630614,-1,Washington  Senators
38027,19630615,-4,Washington  Senators
38028,19630616,-2,Washington  Senators
38029,19630616,-2,Washington  Senators
38030,19630617,-1,Washington  Senators
38074,19630902,-12,Washington  Senators
38075,19630902,1,Washington  Senators
38089,19630501,3,Washington  Senators
38090,19630502,5,Washington  Senators
38130,19630726,2,Washington  Senators
38131,19630727,4,Washington  Senators
38132,19630728,-1,Washington  Senators
38133,19630728,-3,Washington  Senators
38160,19630923,-3,Washington  Senators
38161,19630924,-1,Washington  Senators
38162,19630925,4,Washington  Senators
38266,19630531,-6,Washington  Senators
38267,19630601,8,Washington  Senators
38268,19630602,2,Washington  Senators
38281,19630625,-4,Washington  Senators
38282,19630627,2,Washington  Senators
38307,19630820,-9,Washington  Senators
38308,19630820,-2,Washington  Senators
38309,19630821,4,Washington  Senators
38310,19630822,-4,Washington  Senators
38329,19630429,6,Washington  Senators
38330,19630429,-5,Washington  Senators
38359,19630621,-1,Washington  Senators
38360,19630622,-5,Washington  Senators
38361,19630623,4,Washington  Senators
38362,19630624,-1,Washington  Senators
38387,19630813,-1,Washington  Senators
38388,19630814,-2,Washington  Senators
38389,19630815,1,Washington  Senators
38503,19630528,-3,Washington  Senators
38504,19630529,-9,Washington  Senators
38505,19630530,-1,Washington  Senators
38536,19630719,1,Washington  Senators
38537,19630720,-8,Washington  Senators
38538,19630721,-1,Washington  Senators
38546,19630816,-2,Washington  Senators
38547,19630817,10,Washington  Senators
38548,19630818,4,Washington  Senators
38664,19630524,-2,Washington  Senators
38665,19630525,-4,Washington  Senators
38666,19630526,-6,Washington  Senators
38667,19630526,1,Washington  Senators
38674,19630618,-5,Washington  Senators
38675,19630619,-1,Washington  Senators
38676,19630620,-1,Washington  Senators
38716,19630904,-1,Washington  Senators
38717,19630905,-1,Washington  Senators
39220,19640504,-7,Washington  Senators
39221,19640505,-1,Washington  Senators
39263,19640724,-1,Washington  Senators
39264,19640724,-5,Washington  Senators
39265,19640725,-1,Washington  Senators
39266,19640726,3,Washington  Senators
39289,19640930,-4,Washington  Senators
39290,19640930,3,Washington  Senators
39291,19641001,-2,Washington  Senators
39315,19640525,-1,Washington  Senators
39316,19640526,-1,Washington  Senators
39317,19640527,1,Washington  Senators
39340,19640717,-5,Washington  Senators
39341,19640718,-6,Washington  Senators
39342,19640719,-1,Washington  Senators
39343,19640719,1,Washington  Senators
39374,19641003,-7,Washington  Senators
39375,19641004,-6,Washington  Senators
39388,19640522,-2,Washington  Senators
39389,19640523,-12,Washington  Senators
39390,19640524,-2,Washington  Senators
39391,19640524,3,Washington  Senators
39405,19640701,-1,Washington  Senators
39406,19640701,-1,Washington  Senators
39448,19640918,1,Washington  Senators
39449,19640919,1,Washington  Senators
39450,19640920,-1,Washington  Senators
39637,19640605,2,Washington  Senators
39638,19640606,-2,Washington  Senators
39639,19640607,-1,Washington  Senators
39640,19640607,3,Washington  Senators
39670,19640803,-2,Washington  Senators
39671,19640804,2,Washington  Senators
39672,19640805,-9,Washington  Senators
39692,19640916,-2,Washington  Senators
39693,19640916,-1,Washington  Senators
39723,19640603,4,Washington  Senators
39737,19640703,2,Washington  Senators
39738,19640703,-1,Washington  Senators
39739,19640704,-2,Washington  Senators
39740,19640705,-1,Washington  Senators
39741,19640705,-3,Washington  Senators
39770,19640911,-1,Washington  Senators
39771,19640912,-1,Washington  Senators
39772,19640913,4,Washington  Senators
39865,19640424,5,Washington  Senators
39866,19640425,-2,Washington  Senators
39867,19640426,3,Washington  Senators
39889,19640619,-1,Washington  Senators
39890,19640620,-6,Washington  Senators
39891,19640621,11,Washington  Senators
39892,19640621,3,Washington  Senators
39920,19640811,3,Washington  Senators
39921,19640812,1,Washington  Senators
39951,19640427,3,Washington  Senators
39952,19640428,-1,Washington  Senators
39953,19640429,-4,Washington  Senators
39978,19640622,-3,Washington  Senators
39979,19640623,-2,Washington  Senators
39980,19640624,-4,Washington  Senators
40004,19640807,1,Washington  Senators
40005,19640808,-3,Washington  Senators
40006,19640809,1,Washington  Senators
40107,19640422,-1,Washington  Senators
40108,19640423,1,Washington  Senators
40144,19640714,1,Washington  Senators
40145,19640715,-6,Washington  Senators
40146,19640716,5,Washington  Senators
40169,19640828,2,Washington  Senators
40170,19640829,1,Washington  Senators
40171,19640830,-1,Washington  Senators
40172,19640831,-1,Washington  Senators
40272,19640501,-1,Washington  Senators
40273,19640502,1,Washington  Senators
40274,19640503,-4,Washington  Senators
40275,19640503,1,Washington  Senators
40317,19640721,-6,Washington  Senators
40318,19640722,-3,Washington  Senators
40319,19640723,1,Washington  Senators
40328,19640825,-3,Washington  Senators
40329,19640826,2,Washington  Senators
40840,19650427,3,Washington  Senators
40841,19650429,-1,Washington  Senators
40861,19650609,1,Washington  Senators
40862,19650618,2,Washington  Senators
40863,19650619,-2,Washington  Senators
40864,19650620,-11,Washington  Senators
40887,19650813,2,Washington  Senators
40888,19650814,3,Washington  Senators
40889,19650815,2,Washington  Senators
40917,19650420,-3,Washington  Senators
40946,19650625,-2,Washington  Senators
40947,19650626,5,Washington  Senators
40948,19650627,-3,Washington  Senators
40949,19650627,-1,Washington  Senators
40979,19650824,-5,Washington  Senators
40980,19650824,3,Washington  Senators
40981,19650825,-5,Washington  Senators
40982,19650826,-2,Washington  Senators
41017,19650602,13,Washington  Senators
41018,19650602,6,Washington  Senators
41032,19650705,-3,Washington  Senators
41033,19650705,1,Washington  Senators
41034,19650706,-4,Washington  Senators
41035,19650707,2,Washington  Senators
41046,19650806,-5,Washington  Senators
41047,19650807,1,Washington  Senators
41048,19650808,2,Washington  Senators
41076,19650415,2,Washington  Senators
41077,19650417,-1,Washington  Senators
41078,19650418,-4,Washington  Senators
41079,19650418,3,Washington  Senators
41105,19650623,4,Washington  Senators
41106,19650623,-5,Washington  Senators
41132,19650810,-6,Washington  Senators
41133,19650811,3,Washington  Senators
41134,19650811,-7,Washington  Senators
41326,19650430,-3,Washington  Senators
41327,19650501,-5,Washington  Senators
41328,19650502,1,Washington  Senators
41329,19650502,2,Washington  Senators
41345,19650615,-5,Washington  Senators
41346,19650616,-5,Washington  Senators
41347,19650617,-5,Washington  Senators
41388,19650906,-2,Washington  Senators
41389,19650906,-1,Washington  Senators
41415,19650518,6,Washington  Senators
41416,19650519,-4,Washington  Senators
41417,19650520,-1,Washington  Senators
41448,19650719,8,Washington  Senators
41449,19650720,-2,Washington  Senators
41470,19650903,-8,Washington  Senators
41471,19650904,1,Washington  Senators
41472,19650905,1,Washington  Senators
41473,19650905,-9,Washington  Senators
41575,19650503,-2,Washington  Senators
41576,19650504,2,Washington  Senators
41610,19650730,2,Washington  Senators
41611,19650731,-1,Washington  Senators
41612,19650801,1,Washington  Senators
41613,19650801,-1,Washington  Senators
41640,19650921,1,Washington  Senators
41641,19650922,6,Washington  Senators
41642,19650923,-1,Washington  Senators
41745,19650604,-4,Washington  Senators
41746,19650606,-9,Washington  Senators
41777,19650803,-1,Washington  Senators
41778,19650803,2,Washington  Senators
41779,19650804,-1,Washington  Senators
41780,19650805,-3,Washington  Senators
41800,19650917,1,Washington  Senators
41801,19650918,-2,Washington  Senators
41802,19650919,-7,Washington  Senators
41897,19650521,1,Washington  Senators
41898,19650522,-6,Washington  Senators
41899,19650523,4,Washington  Senators
41900,19650523,-1,Washington  Senators
41923,19650715,-1,Washington  Senators
41924,19650716,-4,Washington  Senators
41925,19650717,-1,Washington  Senators
41926,19650718,3,Washington  Senators
41957,19650908,-1,Washington  Senators
42530,19660419,-6,Washington  Senators
42531,19660420,-3,Washington  Senators
42551,19660607,-1,Washington  Senators
42552,19660608,-1,Washington  Senators
42553,19660608,-1,Washington  Senators
42554,19660609,-2,Washington  Senators
42580,19660805,2,Washington  Senators
42581,19660806,-4,Washington  Senators
42582,19660813,-3,Washington  Senators
42622,19660601,3,Washington  Senators
42623,19660601,-5,Washington  Senators
42624,19660602,10,Washington  Senators
42638,19660624,-4,Washington  Senators
42639,19660625,1,Washington  Senators
42640,19660626,-6,Washington  Senators
42641,19660626,6,Washington  Senators
42645,19660704,2,Washington  Senators
42646,19660704,-1,Washington  Senators
42699,19660509,-3,Washington  Senators
42700,19660510,3,Washington  Senators
42701,19660511,-1,Washington  Senators
42702,19660512,2,Washington  Senators
42734,19660717,-5,Washington  Senators
42735,19660717,2,Washington  Senators
42756,19660902,-1,Washington  Senators
42757,19660903,-1,Washington  Senators
42758,19660904,2,Washington  Senators
42789,19660603,-8,Washington  Senators
42790,19660604,-6,Washington  Senators
42791,19660605,-3,Washington  Senators
42792,19660605,-12,Washington  Senators
42802,19660628,3,Washington  Senators
42803,19660629,-5,Washington  Senators
42841,19660909,-1,Washington  Senators
42842,19660910,-1,Washington  Senators
42843,19660911,-3,Washington  Senators
43024,19660517,-1,Washington  Senators
43025,19660518,1,Washington  Senators
43026,19660519,5,Washington  Senators
43033,19660610,-2,Washington  Senators
43034,19660611,-2,Washington  Senators
43035,19660612,-3,Washington  Senators
43065,19660815,-1,Washington  Senators
43066,19660816,1,Washington  Senators
43067,19660817,-2,Washington  Senators
43090,19660415,-5,Washington  Senators
43091,19660416,-2,Washington  Senators
43092,19660417,6,Washington  Senators
43119,19660613,-1,Washington  Senators
43120,19660614,1,Washington  Senators
43155,19660905,2,Washington  Senators
43156,19660905,-3,Washington  Senators
43157,19660906,-6,Washington  Senators
43158,19660907,-4,Washington  Senators
43255,19660506,-1,Washington  Senators
43256,19660507,-3,Washington  Senators
43257,19660508,1,Washington  Senators
43301,19660801,2,Washington  Senators
43302,19660802,-1,Washington  Senators
43303,19660803,1,Washington  Senators
43304,19660804,-1,Washington  Senators
43315,19660831,3,Washington  Senators
43316,19660831,-4,Washington  Senators
43425,19660513,-4,Washington  Senators
43426,19660514,1,Washington  Senators
43427,19660515,-4,Washington  Senators
43428,19660516,-1,Washington  Senators
43457,19660714,-2,Washington  Senators
43458,19660715,-1,Washington  Senators
43459,19660716,-4,Washington  Senators
43477,19660829,-5,Washington  Senators
43478,19660830,-2,Washington  Senators
43502,19660427,2,Washington  Senators
43537,19660708,1,Washington  Senators
43538,19660708,-2,Washington  Senators
43539,19660709,3,Washington  Senators
43540,19660710,1,Washington  Senators
43541,19660710,7,Washington  Senators
43567,19660913,1,Washington  Senators
43568,19660915,1,Washington  Senators
43569,19660915,-5,Washington  Senators
44158,19670602,-12,Washington  Senators
44159,19670603,-1,Washington  Senators
44160,19670604,-2,Washington  Senators
44168,19670624,5,Washington  Senators
44183,19670721,1,Washington  Senators
44184,19670721,2,Washington  Senators
44185,19670722,2,Washington  Senators
44212,19670925,-1,Washington  Senators
44213,19670926,3,Washington  Senators
44236,19670609,-1,Washington  Senators
44237,19670610,4,Washington  Senators
44238,19670611,-1,Washington  Senators
44239,19670611,1,Washington  Senators
44273,19670821,-1,Washington  Senators
44274,19670822,-1,Washington  Senators
44275,19670822,-2,Washington  Senators
44276,19670823,1,Washington  Senators
44277,19670824,-2,Washington  Senators
44304,19670505,3,Washington  Senators
44305,19670506,2,Washington  Senators
44306,19670507,-5,Washington  Senators
44331,19670626,-1,Washington  Senators
44332,19670627,5,Washington  Senators
44333,19670628,-2,Washington  Senators
44349,19670804,-1,Washington  Senators
44350,19670805,8,Washington  Senators
44351,19670806,5,Washington  Senators
44378,19670415,2,Washington  Senators
44379,19670416,-4,Washington  Senators
44380,19670416,-1,Washington  Senators
44404,19670620,2,Washington  Senators
44405,19670621,-3,Washington  Senators
44406,19670621,-1,Washington  Senators
44457,19670929,1,Washington  Senators
44458,19670930,4,Washington  Senators
44459,19671001,1,Washington  Senators
44638,19670522,-5,Washington  Senators
44639,19670523,-3,Washington  Senators
44640,19670524,-8,Washington  Senators
44641,19670525,1,Washington  Senators
44658,19670707,-3,Washington  Senators
44660,19670708,-1,Washington  Senators
44661,19670709,3,Washington  Senators
44662,19670709,2,Washington  Senators
44698,19670919,-2,Washington  Senators
44722,19670526,-5,Washington  Senators
44723,19670527,7,Washington  Senators
44724,19670528,-2,Washington  Senators
44747,19670718,-3,Washington  Senators
44748,19670719,2,Washington  Senators
44749,19670720,-4,Washington  Senators
44778,19670915,-1,Washington  Senators
44779,19670916,-1,Washington  Senators
44780,19670917,5,Washington  Senators
44875,19670502,1,Washington  Senators
44876,19670502,-1,Washington  Senators
44877,19670503,5,Washington  Senators
44917,19670704,1,Washington  Senators
44918,19670704,-4,Washington  Senators
44919,19670705,2,Washington  Senators
44932,19670811,-1,Washington  Senators
44933,19670812,1,Washington  Senators
44934,19670813,2,Washington  Senators
45042,19670508,3,Washington  Senators
45043,19670509,-10,Washington  Senators
45072,19670701,-4,Washington  Senators
45073,19670702,-3,Washington  Senators
45074,19670702,-5,Washington  Senators
45088,19670807,5,Washington  Senators
45089,19670808,-1,Washington  Senators
45090,19670809,2,Washington  Senators
45091,19670810,-5,Washington  Senators
45135,19670605,-2,Washington  Senators
45136,19670606,-6,Washington  Senators
45137,19670607,-6,Washington  Senators
45138,19670607,1,Washington  Senators
45139,19670608,-6,Washington  Senators
45177,19670831,6,Washington  Senators
45178,19670901,-1,Washington  Senators
45179,19670902,-1,Washington  Senators
45180,19670903,3,Washington  Senators
45764,19680524,-2,Washington  Senators
45765,19680524,-1,Washington  Senators
45766,19680525,-3,Washington  Senators
45767,19680526,-1,Washington  Senators
45785,19680711,-2,Washington  Senators
45786,19680712,-1,Washington  Senators
45787,19680713,-2,Washington  Senators
45810,19680828,1,Washington  Senators
45811,19680829,1,Washington  Senators
45837,19680514,-1,Washington  Senators
45838,19680515,-2,Washington  Senators
45867,19680719,4,Washington  Senators
45868,19680720,-5,Washington  Senators
45869,19680721,-1,Washington  Senators
45870,19680721,1,Washington  Senators
45893,19680830,4,Washington  Senators
45894,19680831,-2,Washington  Senators
45895,19680901,-3,Washington  Senators
45910,19680422,-2,Washington  Senators
45911,19680423,2,Washington  Senators
45912,19680424,-5,Washington  Senators
45935,19680614,-2,Washington  Senators
45936,19680615,-1,Washington  Senators
45961,19680815,-2,Washington  Senators
45962,19680816,2,Washington  Senators
45963,19680817,-2,Washington  Senators
45964,19680818,-2,Washington  Senators
45990,19680430,1,Washington  Senators
45991,19680501,-3,Washington  Senators
46026,19680714,-5,Washington  Senators
46027,19680714,-1,Washington  Senators
46028,19680715,-1,Washington  Senators
46039,19680802,5,Washington  Senators
46040,19680803,2,Washington  Senators
46041,19680803,-4,Washington  Senators
46042,19680804,-5,Washington  Senators
46245,19680516,3,Washington  Senators
46250,19680531,-5,Washington  Senators
46251,19680601,4,Washington  Senators
46252,19680602,-5,Washington  Senators
46253,19680602,8,Washington  Senators
46281,19680729,2,Washington  Senators
46282,19680730,-9,Washington  Senators
46309,19680917,2,Washington  Senators
46327,19680517,-4,Washington  Senators
46328,19680518,4,Washington  Senators
46329,19680519,-1,Washington  Senators
46330,19680519,-7,Washington  Senators
46362,19680731,-4,Washington  Senators
46363,19680801,6,Washington  Senators
46390,19680927,2,Washington  Senators
46391,19680928,1,Washington  Senators
46392,19680929,1,Washington  Senators
46547,19680417,-12,Washington  Senators
46548,19680418,1,Washington  Senators
46573,19680616,-2,Washington  Senators
46574,19680617,-3,Washington  Senators
46575,19680618,-1,Washington  Senators
46576,19680619,-4,Washington  Senators
46601,19680812,2,Washington  Senators
46602,19680813,-4,Washington  Senators
46603,19680814,2,Washington  Senators
46649,19680530,-9,Washington  Senators
46650,19680530,4,Washington  Senators
46670,19680716,-4,Washington  Senators
46671,19680716,-1,Washington  Senators
46672,19680717,1,Washington  Senators
46673,19680718,-3,Washington  Senators
46698,19680907,-14,Washington  Senators
46699,19680907,-10,Washington  Senators
46700,19680908,-5,Washington  Senators
46794,19680419,3,Washington  Senators
46795,19680420,3,Washington  Senators
46796,19680421,2,Washington  Senators
46827,19680621,4,Washington  Senators
46828,19680622,-3,Washington  Senators
46829,19680623,-9,Washington  Senators
46852,19680819,3,Washington  Senators
46853,19680820,2,Washington  Senators
46854,19680820,-1,Washington  Senators
47358,19690411,4,Washington  Senators
47359,19690412,-9,Washington  Senators
47360,19690413,-2,Washington  Senators
47361,19690413,-9,Washington  Senators
47386,19690623,-2,Washington  Senators
47387,19690624,-3,Washington  Senators
47388,19690625,3,Washington  Senators
47425,19690909,-5,Washington  Senators
47426,19690909,-1,Washington  Senators
47445,19690423,6,Washington  Senators
47475,19690704,4,Washington  Senators
47476,19690704,-3,Washington  Senators
47477,19690705,4,Washington  Senators
47478,19690705,-7,Washington  Senators
47479,19690706,5,Washington  Senators
47504,19690905,-1,Washington  Senators
47505,19690906,-4,Washington  Senators
47506,19690907,1,Washington  Senators
47535,19690512,-1,Washington  Senators
47536,19690513,1,Washington  Senators
47537,19690514,-1,Washington  Senators
47572,19690801,2,Washington  Senators
47573,19690802,1,Washington  Senators
47574,19690803,-1,Washington  Senators
47608,19690516,-1,Washington  Senators
47609,19690517,-6,Washington  Senators
47610,19690518,1,Washington  Senators
47611,19690518,1,Washington  Senators
47647,19690805,-7,Washington  Senators
47648,19690806,1,Washington  Senators
47850,19690425,7,Washington  Senators
47851,19690426,7,Washington  Senators
47852,19690427,1,Washington  Senators
47882,19690701,3,Washington  Senators
47883,19690701,2,Washington  Senators
47884,19690702,4,Washington  Senators
47885,19690703,-5,Washington  Senators
47919,19690920,2,Washington  Senators
47920,19690921,-1,Washington  Senators
47932,19690428,5,Washington  Senators
47933,19690429,-1,Washington  Senators
47951,19690620,5,Washington  Senators
47952,19690621,-4,Washington  Senators
47953,19690622,5,Washington  Senators
47954,19690622,4,Washington  Senators
48002,19690924,4,Washington  Senators
48003,19690924,3,Washington  Senators
48004,19690925,5,Washington  Senators
48111,19690602,1,Washington  Senators
48112,19690603,-2,Washington  Senators
48113,19690604,2,Washington  Senators
48148,19690822,-1,Washington  Senators
48149,19690823,2,Washington  Senators
48150,19690824,7,Washington  Senators
48270,19690606,1,Washington  Senators
48271,19690607,-9,Washington  Senators
48272,19690608,2,Washington  Senators
48308,19690825,4,Washington  Senators
48309,19690826,-2,Washington  Senators
48310,19690827,-2,Washington  Senators
48411,19690415,-6,Washington  Senators
48412,19690417,-4,Washington  Senators
48413,19690417,3,Washington  Senators
48458,19690718,-5,Washington  Senators
48459,19690719,-9,Washington  Senators
48460,19690719,4,Washington  Senators
48461,19690720,-1,Washington  Senators
48484,19690917,-1,Washington  Senators
48485,19690918,-1,Washington  Senators
48585,19690506,-3,Washington  Senators
48586,19690507,-1,Washington  Senators
48619,19690724,-1,Washington  Senators
48620,19690725,-1,Washington  Senators
48621,19690726,2,Washington  Senators
48622,19690727,-5,Washington  Senators
48908,19690509,-2,Washington  Senators
48909,19690510,-3,Washington  Senators
48910,19690511,-1,Washington  Senators
48945,19690729,2,Washington  Senators
48946,19690730,-1,Washington  Senators
48947,19690731,1,Washington  Senators
49306,19700416,2,Washington  Senators
49336,19700619,-2,Washington  Senators
49337,19700619,-1,Washington  Senators
49338,19700620,-1,Washington  Senators
49339,19700621,-2,Washington  Senators
49380,19700929,-1,Washington  Senators
49381,19700929,-1,Washington  Senators
49382,19700930,-4,Washington  Senators
49383,19701001,-1,Washington  Senators
49401,19700525,-2,Washington  Senators
49402,19700526,2,Washington  Senators
49403,19700527,2,Washington  Senators
49420,19700630,2,Washington  Senators
49421,19700701,-1,Washington  Senators
49422,19700702,-5,Washington  Senators
49456,19700919,-4,Washington  Senators
49457,19700919,-8,Washington  Senators
49473,19700505,5,Washington  Senators
49474,19700506,-2,Washington  Senators
49475,19700507,-8,Washington  Senators
49510,19700724,1,Washington  Senators
49511,19700725,5,Washington  Senators
49512,19700726,-1,Washington  Senators
49571,19700612,-6,Washington  Senators
49572,19700613,5,Washington  Senators
49573,19700614,4,Washington  Senators
49574,19700614,2,Washington  Senators
49606,19700825,-1,Washington  Senators
49607,19700826,-2,Washington  Senators
49792,19700418,-5,Washington  Senators
49816,19700618,-3,Washington  Senators
49821,19700706,-2,Washington  Senators
49822,19700707,-4,Washington  Senators
49823,19700707,-2,Washington  Senators
49824,19700708,-1,Washington  Senators
49825,19700709,6,Washington  Senators
49859,19700909,1,Washington  Senators
49860,19700910,-9,Washington  Senators
49885,19700522,-1,Washington  Senators
49886,19700523,1,Washington  Senators
49887,19700524,2,Washington  Senators
49926,19700803,4,Washington  Senators
49927,19700804,3,Washington  Senators
49928,19700805,-2,Washington  Senators
49943,19700911,2,Washington  Senators
49944,19700912,-2,Washington  Senators
49945,19700913,10,Washington  Senators
50056,19700609,-7,Washington  Senators
50057,19700610,7,Washington  Senators
50096,19700828,1,Washington  Senators
50097,19700828,-2,Washington  Senators
50098,19700829,7,Washington  Senators
50099,19700830,-1,Washington  Senators
50199,19700509,-1,Washington  Senators
50200,19700510,-1,Washington  Senators
50201,19700510,-1,Washington  Senators
50244,19700728,-4,Washington  Senators
50245,19700729,2,Washington  Senators
50246,19700730,-4,Washington  Senators
50299,19700615,-2,Washington  Senators
50300,19700616,-4,Washington  Senators
50301,19700617,2,Washington  Senators
50331,19700821,-1,Washington  Senators
50332,19700822,1,Washington  Senators
50333,19700823,10,Washington  Senators
50452,19700520,2,Washington  Senators
50453,19700521,-2,Washington  Senators
50468,19700703,1,Washington  Senators
50469,19700704,-2,Washington  Senators
50470,19700705,4,Washington  Senators
50471,19700705,4,Washington  Senators
50509,19700921,-3,Washington  Senators
50510,19700922,-1,Washington  Senators
50511,19700923,-2,Washington  Senators
50614,19700512,-2,Washington  Senators
50615,19700513,-7,Washington  Senators
50648,19700731,-1,Washington  Senators
50649,19700801,-5,Washington  Senators
50650,19700802,4,Washington  Senators
50651,19700802,-1,Washington  Senators
51244,19710407,-1,Washington  Senators
51280,19710706,-4,Washington  Senators
51281,19710706,1,Washington  Senators
51282,19710707,-4,Washington  Senators
51283,19710708,-4,Washington  Senators
51311,19710909,-2,Washington  Senators
51312,19710910,-6,Washington  Senators
51340,19710524,2,Washington  Senators
51341,19710525,1,Washington  Senators
51342,19710526,-1,Washington  Senators
51343,19710527,-4,Washington  Senators
51359,19710628,-6,Washington  Senators
51360,19710629,-4,Washington  Senators
51398,19710924,-4,Washington  Senators
51399,19710925,-3,Washington  Senators
51400,19710926,-7,Washington  Senators
51430,19710611,-2,Washington  Senators
51431,19710612,1,Washington  Senators
51432,19710613,3,Washington  Senators
51462,19710824,-1,Washington  Senators
51463,19710825,1,Washington  Senators
51464,19710826,5,Washington  Senators
51498,19710512,-5,Washington  Senators
51499,19710512,-4,Washington  Senators
51525,19710724,-1,Washington  Senators
51526,19710724,2,Washington  Senators
51527,19710725,-4,Washington  Senators
51528,19710725,-3,Washington  Senators
51731,19710417,2,Washington  Senators
51732,19710418,4,Washington  Senators
51733,19710418,-1,Washington  Senators
51763,19710702,3,Washington  Senators
51764,19710703,1,Washington  Senators
51765,19710704,5,Washington  Senators
51766,19710705,9,Washington  Senators
51796,19710914,-2,Washington  Senators
51797,19710914,2,Washington  Senators
51820,19710521,-1,Washington  Senators
51821,19710522,-2,Washington  Senators
51822,19710523,-5,Washington  Senators
51823,19710523,-11,Washington  Senators
51858,19710802,-4,Washington  Senators
51859,19710803,2,Washington  Senators
51860,19710804,-1,Washington  Senators
51878,19710915,-2,Washington  Senators
51879,19710916,-2,Washington  Senators
51989,19710608,-2,Washington  Senators
51990,19710609,-1,Washington  Senators
52024,19710820,3,Washington  Senators
52025,19710820,6,Washington  Senators
52026,19710821,-3,Washington  Senators
52027,19710822,-3,Washington  Senators
52139,19710504,-2,Washington  Senators
52140,19710505,-1,Washington  Senators
52186,19710730,1,Washington  Senators
52187,19710731,1,Washington  Senators
52188,19710801,-1,Washington  Senators
52189,19710801,-1,Washington  Senators
52224,19710507,1,Washington  Senators
52225,19710508,-7,Washington  Senators
52226,19710509,-1,Washington  Senators
52262,19710727,-2,Washington  Senators
52263,19710728,6,Washington  Senators
52373,19710420,5,Washington  Senators
52374,19710421,3,Washington  Senators
52401,19710625,-10,Washington  Senators
52402,19710626,-4,Washington  Senators
52403,19710627,1,Washington  Senators
52404,19710627,8,Washington  Senators
52434,19710831,1,Washington  Senators
52435,19710901,2,Washington  Senators
52436,19710902,-10,Washington  Senators
52561,19710615,-6,Washington  Senators
52562,19710616,-4,Washington  Senators
52594,19710827,-4,Washington  Senators
52595,19710828,-4,Washington  Senators
52596,19710829,-1,Washington  Senators
52597,19710829,-9,Washington  Senators
35900,19610410,-1,Washington  Senators
35901,19610414,1,Washington  Senators
35902,19610415,-2,Washington  Senators
35903,19610416,-1,Washington  Senators
35904,19610427,-5,Washington  Senators
35905,19610428,-2,Washington  Senators
35906,19610429,-5,Washington  Senators
35907,19610430,-1,Washington  Senators
35908,19610430,1,Washington  Senators
35909,19610502,-3,Washington  Senators
35910,19610503,1,Washington  Senators
35911,19610504,-6,Washington  Senators
35912,19610512,-1,Washington  Senators
35913,19610513,4,Washington  Senators
35914,19610514,3,Washington  Senators
35915,19610514,1,Washington  Senators
35916,19610526,1,Washington  Senators
35917,19610527,10,Washington  Senators
35918,19610528,2,Washington  Senators
35919,19610530,4,Washington  Senators
35920,19610531,-2,Washington  Senators
35921,19610601,1,Washington  Senators
35922,19610602,8,Washington  Senators
35923,19610603,-8,Washington  Senators
35924,19610604,-3,Washington  Senators
35925,19610605,-2,Washington  Senators
35926,19610606,-11,Washington  Senators
35927,19610607,-11,Washington  Senators
35928,19610609,1,Washington  Senators
35929,19610609,1,Washington  Senators
35930,19610610,1,Washington  Senators
35931,19610620,-1,Washington  Senators
35932,19610622,-2,Washington  Senators
35933,19610703,3,Washington  Senators
35934,19610704,4,Washington  Senators
35935,19610705,-2,Washington  Senators
35936,19610706,1,Washington  Senators
35937,19610707,3,Washington  Senators
35938,19610708,1,Washington  Senators
35939,19610709,-6,Washington  Senators
35940,19610714,-5,Washington  Senators
35941,19610714,-2,Washington  Senators
35942,19610715,6,Washington  Senators
35943,19610716,-9,Washington  Senators
35944,19610716,1,Washington  Senators
35945,19610718,-2,Washington  Senators
35946,19610719,4,Washington  Senators
35947,19610719,10,Washington  Senators
35948,19610811,-7,Washington  Senators
35949,19610812,4,Washington  Senators
35950,19610813,10,Washington  Senators
35951,19610813,-5,Washington  Senators
35952,19610814,-4,Washington  Senators
35953,19610815,-1,Washington  Senators
35954,19610816,1,Washington  Senators
35955,19610817,1,Washington  Senators
35956,19610818,-1,Washington  Senators
35957,19610819,-5,Washington  Senators
35958,19610820,-6,Washington  Senators
35959,19610825,-6,Washington  Senators
35960,19610827,-3,Washington  Senators
35961,19610827,-9,Washington  Senators
35962,19610828,-4,Washington  Senators
35963,19610829,-2,Washington  Senators
35964,19610830,-9,Washington  Senators
35965,19610831,-1,Washington  Senators
35966,19610901,-1,Washington  Senators
35967,19610901,4,Washington  Senators
35968,19610902,-5,Washington  Senators
35969,19610903,-1,Washington  Senators
35970,19610903,-3,Washington  Senators
35971,19610911,-10,Washington  Senators
35972,19610912,4,Washington  Senators
35973,19610913,2,Washington  Senators
35974,19610915,2,Washington  Senators
35975,19610916,3,Washington  Senators
35976,19610917,-1,Washington  Senators
35977,19610919,-2,Washington  Senators
35978,19610921,-3,Washington  Senators
37516,19620409,3,Washington  Senators
37517,19620420,-1,Washington  Senators
37518,19620421,-3,Washington  Senators
37519,19620422,-5,Washington  Senators
37520,19620427,-2,Washington  Senators
37521,19620428,-7,Washington  Senators
37522,19620429,-1,Washington  Senators
37523,19620429,-5,Washington  Senators
37524,19620501,1,Washington  Senators
37525,19620503,-3,Washington  Senators
37526,19620509,6,Washington  Senators
37527,19620509,-1,Washington  Senators
37528,19620510,-2,Washington  Senators
37529,19620518,1,Washington  Senators
37530,19620519,-4,Washington  Senators
37531,19620520,-1,Washington  Senators
37532,19620520,2,Washington  Senators
37533,19620521,-2,Washington  Senators
37534,19620522,-1,Washington  Senators
37535,19620523,5,Washington  Senators
37536,19620524,-3,Washington  Senators
37537,19620525,-1,Washington  Senators
37538,19620526,2,Washington  Senators
37539,19620527,-2,Washington  Senators
37540,19620608,-1,Washington  Senators
37541,19620608,1,Washington  Senators
37542,19620609,2,Washington  Senators
37543,19620610,1,Washington  Senators
37544,19620610,1,Washington  Senators
37545,19620613,2,Washington  Senators
37546,19620613,-3,Washington  Senators
37547,19620614,1,Washington  Senators
37548,19620615,-5,Washington  Senators
37549,19620616,-1,Washington  Senators
37550,19620617,-1,Washington  Senators
37551,19620626,-1,Washington  Senators
37552,19620627,-3,Washington  Senators
37553,19620628,-3,Washington  Senators
37554,19620629,3,Washington  Senators
37555,19620630,1,Washington  Senators
37556,19620701,-9,Washington  Senators
37557,19620702,-1,Washington  Senators
37558,19620704,-2,Washington  Senators
37559,19620704,-3,Washington  Senators
37560,19620724,-6,Washington  Senators
37561,19620725,1,Washington  Senators
37562,19620726,-6,Washington  Senators
37563,19620727,9,Washington  Senators
37564,19620727,13,Washington  Senators
37565,19620728,8,Washington  Senators
37566,19620729,-2,Washington  Senators
37567,19620731,-4,Washington  Senators
37568,19620801,-2,Washington  Senators
37569,19620801,-3,Washington  Senators
37570,19620806,-1,Washington  Senators
37571,19620807,-7,Washington  Senators
37572,19620808,-1,Washington  Senators
37573,19620808,-7,Washington  Senators
37574,19620809,-3,Washington  Senators
37575,19620810,-3,Washington  Senators
37576,19620811,7,Washington  Senators
37577,19620812,-2,Washington  Senators
37578,19620827,7,Washington  Senators
37579,19620828,4,Washington  Senators
37580,19620829,-6,Washington  Senators
37581,19620831,-3,Washington  Senators
37582,19620831,2,Washington  Senators
37583,19620901,1,Washington  Senators
37584,19620902,-2,Washington  Senators
37585,19620903,-6,Washington  Senators
37586,19620903,-1,Washington  Senators
37587,19620905,-2,Washington  Senators
37588,19620905,3,Washington  Senators
37589,19620914,-2,Washington  Senators
37590,19620915,2,Washington  Senators
37591,19620916,-3,Washington  Senators
37592,19620918,-6,Washington  Senators
37593,19620919,-3,Washington  Senators
37594,19620921,-3,Washington  Senators
37595,19620922,1,Washington  Senators
39132,19630408,-2,Washington  Senators
39133,19630411,8,Washington  Senators
39134,19630413,-3,Washington  Senators
39135,19630414,1,Washington  Senators
39136,19630419,-4,Washington  Senators
39137,19630420,6,Washington  Senators
39138,19630421,-1,Washington  Senators
39139,19630422,3,Washington  Senators
39140,19630423,-1,Washington  Senators
39141,19630424,-2,Washington  Senators
39142,19630425,-3,Washington  Senators
39143,19630426,-2,Washington  Senators
39144,19630426,6,Washington  Senators
39145,19630427,-4,Washington  Senators
39146,19630428,-1,Washington  Senators
39147,19630507,-4,Washington  Senators
39148,19630508,3,Washington  Senators
39149,19630509,6,Washington  Senators
39150,19630514,-5,Washington  Senators
39151,19630515,-6,Washington  Senators
39152,19630518,-3,Washington  Senators
39153,19630518,2,Washington  Senators
39154,19630519,-4,Washington  Senators
39155,19630520,-1,Washington  Senators
39156,19630521,-1,Washington  Senators
39157,19630522,-6,Washington  Senators
39158,19630604,1,Washington  Senators
39159,19630606,1,Washington  Senators
39160,19630607,-7,Washington  Senators
39161,19630608,-5,Washington  Senators
39162,19630609,-4,Washington  Senators
39163,19630610,-7,Washington  Senators
39164,19630610,1,Washington  Senators
39165,19630628,-7,Washington  Senators
39166,19630628,-7,Washington  Senators
39167,19630630,-4,Washington  Senators
39168,19630702,5,Washington  Senators
39169,19630704,1,Washington  Senators
39170,19630704,1,Washington  Senators
39171,19630705,4,Washington  Senators
39172,19630706,1,Washington  Senators
39173,19630707,4,Washington  Senators
39174,19630707,2,Washington  Senators
39175,19630711,-3,Washington  Senators
39176,19630712,-1,Washington  Senators
39177,19630713,1,Washington  Senators
39178,19630715,5,Washington  Senators
39179,19630729,1,Washington  Senators
39180,19630730,-4,Washington  Senators
39181,19630731,-3,Washington  Senators
39182,19630802,-5,Washington  Senators
39183,19630802,1,Washington  Senators
39184,19630803,1,Washington  Senators
39185,19630804,2,Washington  Senators
39186,19630806,3,Washington  Senators
39187,19630806,-1,Washington  Senators
39188,19630807,-8,Washington  Senators
39189,19630808,-2,Washington  Senators
39190,19630809,-6,Washington  Senators
39191,19630810,1,Washington  Senators
39192,19630811,-4,Washington  Senators
39193,19630823,-17,Washington  Senators
39194,19630824,-8,Washington  Senators
39195,19630825,3,Washington  Senators
39196,19630826,-3,Washington  Senators
39197,19630826,4,Washington  Senators
39198,19630829,-12,Washington  Senators
39199,19630829,-9,Washington  Senators
39200,19630906,5,Washington  Senators
39201,19630907,-7,Washington  Senators
39202,19630908,-4,Washington  Senators
39203,19630909,-1,Washington  Senators
39204,19630909,-3,Washington  Senators
39205,19630910,1,Washington  Senators
39206,19630910,-3,Washington  Senators
39207,19630911,1,Washington  Senators
39208,19630913,-3,Washington  Senators
39209,19630914,-2,Washington  Senators
39210,19630917,-1,Washington  Senators
39211,19630918,-1,Washington  Senators
40755,19640413,-4,Washington  Senators
40756,19640415,2,Washington  Senators
40757,19640416,-4,Washington  Senators
40758,19640417,1,Washington  Senators
40759,19640418,-2,Washington  Senators
40760,19640419,-4,Washington  Senators
40761,19640506,-7,Washington  Senators
40762,19640506,1,Washington  Senators
40763,19640507,-3,Washington  Senators
40764,19640508,-6,Washington  Senators
40765,19640509,1,Washington  Senators
40766,19640510,9,Washington  Senators
40767,19640510,-5,Washington  Senators
40768,19640511,2,Washington  Senators
40769,19640512,-5,Washington  Senators
40770,19640514,3,Washington  Senators
40771,19640515,-2,Washington  Senators
40772,19640516,2,Washington  Senators
40773,19640517,-1,Washington  Senators
40774,19640518,-1,Washington  Senators
40775,19640519,-3,Washington  Senators
40776,19640520,7,Washington  Senators
40777,19640521,6,Washington  Senators
40778,19640529,4,Washington  Senators
40779,19640530,-8,Washington  Senators
40780,19640531,-3,Washington  Senators
40781,19640531,-5,Washington  Senators
40782,19640608,-1,Washington  Senators
40783,19640609,4,Washington  Senators
40784,19640609,4,Washington  Senators
40785,19640610,2,Washington  Senators
40786,19640612,-2,Washington  Senators
40787,19640613,2,Washington  Senators
40788,19640614,-1,Washington  Senators
40789,19640614,-7,Washington  Senators
40790,19640615,1,Washington  Senators
40791,19640616,-2,Washington  Senators
40792,19640617,-2,Washington  Senators
40793,19640626,-5,Washington  Senators
40794,19640627,-2,Washington  Senators
40795,19640628,-2,Washington  Senators
40796,19640629,2,Washington  Senators
40797,19640630,1,Washington  Senators
40798,19640709,-1,Washington  Senators
40799,19640710,-3,Washington  Senators
40800,19640711,-1,Washington  Senators
40801,19640712,-2,Washington  Senators
40802,19640712,7,Washington  Senators
40803,19640713,-7,Washington  Senators
40804,19640728,1,Washington  Senators
40805,19640729,3,Washington  Senators
40806,19640730,1,Washington  Senators
40807,19640731,-6,Washington  Senators
40808,19640801,-1,Washington  Senators
40809,19640802,-1,Washington  Senators
40810,19640802,-2,Washington  Senators
40811,19640814,4,Washington  Senators
40812,19640814,-7,Washington  Senators
40813,19640815,4,Washington  Senators
40814,19640816,3,Washington  Senators
40815,19640818,-5,Washington  Senators
40816,19640819,-2,Washington  Senators
40817,19640821,-1,Washington  Senators
40818,19640822,-4,Washington  Senators
40819,19640823,-2,Washington  Senators
40820,19640823,3,Washington  Senators
40821,19640901,-3,Washington  Senators
40822,19640902,-9,Washington  Senators
40823,19640904,-1,Washington  Senators
40824,19640905,-4,Washington  Senators
40825,19640906,-6,Washington  Senators
40826,19640907,3,Washington  Senators
40827,19640907,4,Washington  Senators
40828,19640909,-3,Washington  Senators
40829,19640909,1,Washington  Senators
40830,19640910,-7,Washington  Senators
40831,19640922,-3,Washington  Senators
40832,19640923,1,Washington  Senators
40833,19640925,-1,Washington  Senators
40834,19640926,-7,Washington  Senators
40835,19640927,1,Washington  Senators
42368,19650412,-5,Washington  Senators
42369,19650414,2,Washington  Senators
42370,19650421,-1,Washington  Senators
42371,19650422,-14,Washington  Senators
42372,19650423,-2,Washington  Senators
42373,19650424,-4,Washington  Senators
42374,19650428,-3,Washington  Senators
42375,19650507,1,Washington  Senators
42376,19650507,4,Washington  Senators
42377,19650508,-4,Washington  Senators
42378,19650509,1,Washington  Senators
42379,19650511,-1,Washington  Senators
42380,19650512,-3,Washington  Senators
42381,19650513,-10,Washington  Senators
42382,19650514,-1,Washington  Senators
42383,19650515,2,Washington  Senators
42384,19650516,1,Washington  Senators
42385,19650516,-4,Washington  Senators
42386,19650524,-1,Washington  Senators
42387,19650525,4,Washington  Senators
42388,19650525,1,Washington  Senators
42389,19650526,-1,Washington  Senators
42390,19650527,3,Washington  Senators
42391,19650528,-3,Washington  Senators
42392,19650529,-3,Washington  Senators
42393,19650530,-6,Washington  Senators
42394,19650531,3,Washington  Senators
42395,19650531,4,Washington  Senators
42396,19650608,2,Washington  Senators
42397,19650610,-4,Washington  Senators
42398,19650611,-3,Washington  Senators
42399,19650611,-1,Washington  Senators
42400,19650612,6,Washington  Senators
42401,19650613,-1,Washington  Senators
42402,19650628,-3,Washington  Senators
42403,19650628,-1,Washington  Senators
42404,19650629,1,Washington  Senators
42405,19650630,1,Washington  Senators
42406,19650701,-5,Washington  Senators
42407,19650702,6,Washington  Senators
42408,19650703,-1,Washington  Senators
42409,19650704,3,Washington  Senators
42410,19650709,1,Washington  Senators
42411,19650709,-9,Washington  Senators
42412,19650710,2,Washington  Senators
42413,19650721,-2,Washington  Senators
42414,19650722,4,Washington  Senators
42415,19650723,2,Washington  Senators
42416,19650724,7,Washington  Senators
42417,19650725,1,Washington  Senators
42418,19650725,-2,Washington  Senators
42419,19650727,3,Washington  Senators
42420,19650727,-4,Washington  Senators
42421,19650728,-7,Washington  Senators
42422,19650817,-5,Washington  Senators
42423,19650817,-4,Washington  Senators
42424,19650818,-6,Washington  Senators
42425,19650820,1,Washington  Senators
42426,19650821,2,Washington  Senators
42427,19650822,-3,Washington  Senators
42428,19650827,1,Washington  Senators
42429,19650828,1,Washington  Senators
42430,19650829,1,Washington  Senators
42431,19650831,-4,Washington  Senators
42432,19650831,-3,Washington  Senators
42433,19650901,1,Washington  Senators
42434,19650902,1,Washington  Senators
42435,19650910,3,Washington  Senators
42436,19650911,-1,Washington  Senators
42437,19650912,6,Washington  Senators
42438,19650914,-2,Washington  Senators
42439,19650915,-2,Washington  Senators
42440,19650925,-5,Washington  Senators
42441,19650925,-2,Washington  Senators
42442,19650926,-1,Washington  Senators
42443,19650928,5,Washington  Senators
42444,19650928,-2,Washington  Senators
42445,19650929,9,Washington  Senators
42446,19651002,-8,Washington  Senators
42447,19651002,-4,Washington  Senators
42448,19651003,1,Washington  Senators
43980,19660411,-3,Washington  Senators
43981,19660423,2,Washington  Senators
43982,19660424,-4,Washington  Senators
43983,19660424,-3,Washington  Senators
43984,19660425,-1,Washington  Senators
43985,19660426,-3,Washington  Senators
43986,19660501,2,Washington  Senators
43987,19660501,-2,Washington  Senators
43988,19660503,3,Washington  Senators
43989,19660504,1,Washington  Senators
43990,19660520,1,Washington  Senators
43991,19660521,2,Washington  Senators
43992,19660522,4,Washington  Senators
43993,19660522,-1,Washington  Senators
43994,19660523,-2,Washington  Senators
43995,19660524,1,Washington  Senators
43996,19660525,-2,Washington  Senators
43997,19660527,1,Washington  Senators
43998,19660528,-1,Washington  Senators
43999,19660529,1,Washington  Senators
44000,19660530,-2,Washington  Senators
44001,19660530,1,Washington  Senators
44002,19660531,4,Washington  Senators
44003,19660606,2,Washington  Senators
44004,19660615,-2,Washington  Senators
44005,19660616,1,Washington  Senators
44006,19660617,1,Washington  Senators
44007,19660618,-5,Washington  Senators
44008,19660619,1,Washington  Senators
44009,19660620,2,Washington  Senators
44010,19660621,-3,Washington  Senators
44011,19660622,-10,Washington  Senators
44012,19660623,-5,Washington  Senators
44013,19660701,-2,Washington  Senators
44014,19660702,6,Washington  Senators
44015,19660703,-1,Washington  Senators
44016,19660706,1,Washington  Senators
44017,19660706,1,Washington  Senators
44018,19660707,-3,Washington  Senators
44019,19660719,-1,Washington  Senators
44020,19660719,-4,Washington  Senators
44021,19660720,-2,Washington  Senators
44022,19660721,-1,Washington  Senators
44023,19660722,-5,Washington  Senators
44024,19660723,7,Washington  Senators
44025,19660724,4,Washington  Senators
44026,19660724,3,Washington  Senators
44027,19660725,-3,Washington  Senators
44028,19660726,4,Washington  Senators
44029,19660727,2,Washington  Senators
44030,19660729,9,Washington  Senators
44031,19660729,1,Washington  Senators
44032,19660730,-6,Washington  Senators
44033,19660731,-3,Washington  Senators
44034,19660807,4,Washington  Senators
44035,19660808,-2,Washington  Senators
44036,19660809,-5,Washington  Senators
44037,19660810,3,Washington  Senators
44038,19660812,-1,Washington  Senators
44039,19660812,3,Washington  Senators
44040,19660814,-6,Washington  Senators
44041,19660819,2,Washington  Senators
44042,19660820,-1,Washington  Senators
44043,19660821,3,Washington  Senators
44044,19660823,-7,Washington  Senators
44045,19660823,1,Washington  Senators
44046,19660824,1,Washington  Senators
44047,19660826,1,Washington  Senators
44048,19660827,2,Washington  Senators
44049,19660828,1,Washington  Senators
44050,19660916,-3,Washington  Senators
44051,19660918,1,Washington  Senators
44052,19660923,1,Washington  Senators
44053,19660924,-4,Washington  Senators
44054,19660925,2,Washington  Senators
44055,19660925,1,Washington  Senators
44056,19660926,-5,Washington  Senators
44057,19660926,1,Washington  Senators
45589,19670410,-8,Washington  Senators
45590,19670412,6,Washington  Senators
45591,19670420,-4,Washington  Senators
45592,19670421,1,Washington  Senators
45593,19670422,-1,Washington  Senators
45594,19670423,4,Washington  Senators
45595,19670424,-3,Washington  Senators
45596,19670425,-6,Washington  Senators
45597,19670428,-4,Washington  Senators
45598,19670429,3,Washington  Senators
45599,19670430,4,Washington  Senators
45600,19670430,3,Washington  Senators
45601,19670511,-1,Washington  Senators
45602,19670512,-7,Washington  Senators
45603,19670513,-2,Washington  Senators
45604,19670514,-1,Washington  Senators
45605,19670516,1,Washington  Senators
45606,19670517,-7,Washington  Senators
45607,19670518,2,Washington  Senators
45608,19670519,-6,Washington  Senators
45609,19670520,-1,Washington  Senators
45610,19670530,4,Washington  Senators
45611,19670530,1,Washington  Senators
45612,19670531,3,Washington  Senators
45613,19670601,1,Washington  Senators
45614,19670612,1,Washington  Senators
45615,19670613,-6,Washington  Senators
45616,19670614,-6,Washington  Senators
45617,19670614,1,Washington  Senators
45618,19670615,-2,Washington  Senators
45619,19670616,1,Washington  Senators
45620,19670616,1,Washington  Senators
45621,19670617,-4,Washington  Senators
45622,19670618,1,Washington  Senators
45623,19670623,1,Washington  Senators
45624,19670625,-5,Washington  Senators
45625,19670713,5,Washington  Senators
45626,19670713,5,Washington  Senators
45627,19670714,2,Washington  Senators
45628,19670715,1,Washington  Senators
45629,19670716,3,Washington  Senators
45630,19670717,2,Washington  Senators
45631,19670723,-4,Washington  Senators
45632,19670725,-4,Washington  Senators
45633,19670725,-1,Washington  Senators
45634,19670726,3,Washington  Senators
45635,19670727,2,Washington  Senators
45636,19670728,6,Washington  Senators
45637,19670729,1,Washington  Senators
45638,19670730,10,Washington  Senators
45639,19670730,-8,Washington  Senators
45640,19670801,-1,Washington  Senators
45641,19670802,1,Washington  Senators
45642,19670815,-3,Washington  Senators
45643,19670816,-1,Washington  Senators
45644,19670817,-5,Washington  Senators
45645,19670818,1,Washington  Senators
45646,19670819,-4,Washington  Senators
45647,19670825,-2,Washington  Senators
45648,19670825,-1,Washington  Senators
45649,19670826,1,Washington  Senators
45650,19670827,-6,Washington  Senators
45651,19670828,1,Washington  Senators
45652,19670829,3,Washington  Senators
45653,19670830,-4,Washington  Senators
45654,19670904,3,Washington  Senators
45655,19670904,-2,Washington  Senators
45656,19670905,-6,Washington  Senators
45657,19670908,-4,Washington  Senators
45658,19670909,4,Washington  Senators
45659,19670910,1,Washington  Senators
45660,19670911,-8,Washington  Senators
45661,19670912,1,Washington  Senators
45662,19670913,-1,Washington  Senators
45663,19670920,-1,Washington  Senators
45664,19670920,-3,Washington  Senators
45665,19670921,1,Washington  Senators
45666,19670922,-5,Washington  Senators
45667,19670922,-4,Washington  Senators
45668,19670924,1,Washington  Senators
47195,19680410,-2,Washington  Senators
47196,19680411,-1,Washington  Senators
47197,19680413,-3,Washington  Senators
47198,19680414,7,Washington  Senators
47199,19680415,7,Washington  Senators
47200,19680426,1,Washington  Senators
47201,19680427,1,Washington  Senators
47202,19680428,1,Washington  Senators
47203,19680428,-2,Washington  Senators
47204,19680503,-5,Washington  Senators
47205,19680504,-2,Washington  Senators
47206,19680505,-8,Washington  Senators
47207,19680507,-1,Washington  Senators
47208,19680508,-2,Washington  Senators
47209,19680509,2,Washington  Senators
47210,19680510,-11,Washington  Senators
47211,19680511,-10,Washington  Senators
47212,19680512,3,Washington  Senators
47213,19680520,-5,Washington  Senators
47214,19680521,-1,Washington  Senators
47215,19680522,2,Washington  Senators
47216,19680604,2,Washington  Senators
47217,19680605,2,Washington  Senators
47218,19680606,1,Washington  Senators
47219,19680607,-2,Washington  Senators
47220,19680607,1,Washington  Senators
47221,19680609,3,Washington  Senators
47222,19680610,-3,Washington  Senators
47223,19680611,-4,Washington  Senators
47224,19680625,-5,Washington  Senators
47225,19680626,6,Washington  Senators
47226,19680628,-1,Washington  Senators
47227,19680628,-1,Washington  Senators
47228,19680629,6,Washington  Senators
47229,19680630,-4,Washington  Senators
47230,19680701,2,Washington  Senators
47231,19680703,-3,Washington  Senators
47232,19680704,2,Washington  Senators
47233,19680705,-2,Washington  Senators
47234,19680706,4,Washington  Senators
47235,19680707,-1,Washington  Senators
47236,19680723,-2,Washington  Senators
47237,19680724,3,Washington  Senators
47238,19680725,-3,Washington  Senators
47239,19680726,-1,Washington  Senators
47240,19680727,1,Washington  Senators
47241,19680728,-2,Washington  Senators
47242,19680806,-7,Washington  Senators
47243,19680806,1,Washington  Senators
47244,19680807,-2,Washington  Senators
47245,19680808,5,Washington  Senators
47246,19680809,-2,Washington  Senators
47247,19680809,1,Washington  Senators
47248,19680810,-3,Washington  Senators
47249,19680811,-5,Washington  Senators
47250,19680823,-4,Washington  Senators
47251,19680824,-1,Washington  Senators
47252,19680825,1,Washington  Senators
47253,19680826,-2,Washington  Senators
47254,19680826,1,Washington  Senators
47255,19680827,2,Washington  Senators
47256,19680827,-6,Washington  Senators
47257,19680902,1,Washington  Senators
47258,19680902,8,Washington  Senators
47259,19680903,1,Washington  Senators
47260,19680904,-3,Washington  Senators
47261,19680905,-1,Washington  Senators
47262,19680909,4,Washington  Senators
47263,19680911,-5,Washington  Senators
47264,19680911,-3,Washington  Senators
47265,19680912,3,Washington  Senators
47266,19680913,-2,Washington  Senators
47267,19680913,-1,Washington  Senators
47268,19680914,-3,Washington  Senators
47269,19680915,-1,Washington  Senators
47270,19680920,-3,Washington  Senators
47271,19680921,-1,Washington  Senators
47272,19680922,6,Washington  Senators
47273,19680923,1,Washington  Senators
47274,19680924,8,Washington  Senators
47275,19680925,-1,Washington  Senators
49141,19690407,-4,Washington  Senators
49142,19690409,2,Washington  Senators
49143,19690410,3,Washington  Senators
49144,19690418,-6,Washington  Senators
49145,19690419,2,Washington  Senators
49146,19690420,-1,Washington  Senators
49147,19690420,3,Washington  Senators
49148,19690421,-2,Washington  Senators
49149,19690422,-2,Washington  Senators
49150,19690430,1,Washington  Senators
49151,19690501,1,Washington  Senators
49152,19690502,5,Washington  Senators
49153,19690503,5,Washington  Senators
49154,19690504,1,Washington  Senators
49155,19690520,1,Washington  Senators
49156,19690521,-4,Washington  Senators
49157,19690522,-1,Washington  Senators
49158,19690523,-1,Washington  Senators
49159,19690524,-1,Washington  Senators
49160,19690525,-1,Washington  Senators
49161,19690526,-6,Washington  Senators
49162,19690527,4,Washington  Senators
49163,19690528,1,Washington  Senators
49164,19690530,1,Washington  Senators
49165,19690530,-3,Washington  Senators
49166,19690531,2,Washington  Senators
49167,19690601,7,Washington  Senators
49168,19690610,-2,Washington  Senators
49169,19690611,-2,Washington  Senators
49170,19690612,3,Washington  Senators
49171,19690613,4,Washington  Senators
49172,19690614,-1,Washington  Senators
49173,19690617,-4,Washington  Senators
49174,19690618,-2,Washington  Senators
49175,19690619,-2,Washington  Senators
49176,19690627,-2,Washington  Senators
49177,19690628,1,Washington  Senators
49178,19690629,1,Washington  Senators
49179,19690629,7,Washington  Senators
49180,19690707,5,Washington  Senators
49181,19690708,-1,Washington  Senators
49182,19690709,3,Washington  Senators
49183,19690711,-1,Washington  Senators
49184,19690712,-2,Washington  Senators
49185,19690713,1,Washington  Senators
49186,19690713,9,Washington  Senators
49187,19690714,3,Washington  Senators
49188,19690715,4,Washington  Senators
49189,19690716,-3,Washington  Senators
49190,19690717,-1,Washington  Senators
49191,19690808,7,Washington  Senators
49192,19690809,-2,Washington  Senators
49193,19690810,2,Washington  Senators
49194,19690811,1,Washington  Senators
49195,19690812,-3,Washington  Senators
49196,19690813,-4,Washington  Senators
49197,19690815,-2,Washington  Senators
49198,19690816,1,Washington  Senators
49199,19690817,-1,Washington  Senators
49200,19690819,2,Washington  Senators
49201,19690820,3,Washington  Senators
49202,19690829,-5,Washington  Senators
49203,19690830,8,Washington  Senators
49204,19690831,5,Washington  Senators
49205,19690901,4,Washington  Senators
49206,19690901,-1,Washington  Senators
49207,19690902,2,Washington  Senators
49208,19690902,1,Washington  Senators
49209,19690910,5,Washington  Senators
49210,19690911,4,Washington  Senators
49211,19690912,1,Washington  Senators
49212,19690913,5,Washington  Senators
49213,19690914,-3,Washington  Senators
49214,19690915,1,Washington  Senators
49215,19690916,-1,Washington  Senators
49216,19690926,3,Washington  Senators
49217,19690927,1,Washington  Senators
49218,19690928,1,Washington  Senators
49219,19690929,-3,Washington  Senators
49220,19690930,5,Washington  Senators
49221,19691001,1,Washington  Senators
51083,19700406,-5,Washington  Senators
51084,19700407,10,Washington  Senators
51085,19700408,-3,Washington  Senators
51086,19700410,-3,Washington  Senators
51087,19700411,1,Washington  Senators
51088,19700412,1,Washington  Senators
51089,19700420,-9,Washington  Senators
51090,19700421,2,Washington  Senators
51091,19700422,1,Washington  Senators
51092,19700423,-5,Washington  Senators
51093,19700424,2,Washington  Senators
51094,19700425,-2,Washington  Senators
51095,19700426,-1,Washington  Senators
51096,19700427,1,Washington  Senators
51097,19700428,3,Washington  Senators
51098,19700429,4,Washington  Senators
51099,19700430,10,Washington  Senators
51100,19700501,-7,Washington  Senators
51101,19700502,-3,Washington  Senators
51102,19700503,-2,Washington  Senators
51103,19700503,2,Washington  Senators
51104,19700515,-1,Washington  Senators
51105,19700516,-1,Washington  Senators
51106,19700518,4,Washington  Senators
51107,19700519,2,Washington  Senators
51108,19700529,1,Washington  Senators
51109,19700530,1,Washington  Senators
51110,19700531,-1,Washington  Senators
51111,19700602,1,Washington  Senators
51112,19700603,1,Washington  Senators
51113,19700604,-4,Washington  Senators
51114,19700605,-1,Washington  Senators
51115,19700606,-2,Washington  Senators
51116,19700607,-1,Washington  Senators
51117,19700623,4,Washington  Senators
51118,19700624,-1,Washington  Senators
51119,19700625,-1,Washington  Senators
51120,19700626,-10,Washington  Senators
51121,19700627,2,Washington  Senators
51122,19700628,1,Washington  Senators
51123,19700629,2,Washington  Senators
51124,19700710,1,Washington  Senators
51125,19700711,-2,Washington  Senators
51126,19700712,4,Washington  Senators
51127,19700716,-1,Washington  Senators
51128,19700717,-10,Washington  Senators
51129,19700718,4,Washington  Senators
51130,19700719,1,Washington  Senators
51131,19700720,2,Washington  Senators
51132,19700721,-4,Washington  Senators
51133,19700722,-1,Washington  Senators
51134,19700806,3,Washington  Senators
51135,19700807,-2,Washington  Senators
51136,19700808,-2,Washington  Senators
51137,19700809,4,Washington  Senators
51138,19700809,-3,Washington  Senators
51139,19700811,1,Washington  Senators
51140,19700812,2,Washington  Senators
51141,19700813,1,Washington  Senators
51142,19700814,1,Washington  Senators
51143,19700815,2,Washington  Senators
51144,19700816,1,Washington  Senators
51145,19700817,7,Washington  Senators
51146,19700818,-4,Washington  Senators
51147,19700819,-1,Washington  Senators
51148,19700831,1,Washington  Senators
51149,19700901,-1,Washington  Senators
51150,19700902,3,Washington  Senators
51151,19700903,-2,Washington  Senators
51152,19700904,-3,Washington  Senators
51153,19700905,1,Washington  Senators
51154,19700906,-1,Washington  Senators
51155,19700907,-1,Washington  Senators
51156,19700908,-4,Washington  Senators
51157,19700915,-4,Washington  Senators
51158,19700916,2,Washington  Senators
51159,19700917,2,Washington  Senators
51160,19700924,-1,Washington  Senators
51161,19700925,-4,Washington  Senators
51162,19700926,-3,Washington  Senators
51163,19700927,-9,Washington  Senators
53012,19710405,8,Washington  Senators
53013,19710409,1,Washington  Senators
53014,19710410,-6,Washington  Senators
53015,19710411,-1,Washington  Senators
53016,19710411,1,Washington  Senators
53017,19710412,-3,Washington  Senators
53018,19710413,-2,Washington  Senators
53019,19710414,1,Washington  Senators
53020,19710423,-4,Washington  Senators
53021,19710424,1,Washington  Senators
53022,19710425,1,Washington  Senators
53023,19710426,-5,Washington  Senators
53024,19710427,2,Washington  Senators
53025,19710428,1,Washington  Senators
53026,19710429,-1,Washington  Senators
53027,19710430,-7,Washington  Senators
53028,19710501,-2,Washington  Senators
53029,19710502,-2,Washington  Senators
53030,19710514,1,Washington  Senators
53031,19710515,1,Washington  Senators
53032,19710516,-1,Washington  Senators
53033,19710517,-3,Washington  Senators
53034,19710518,-4,Washington  Senators
53035,19710519,-3,Washington  Senators
53036,19710528,-5,Washington  Senators
53037,19710531,4,Washington  Senators
53038,19710601,1,Washington  Senators
53039,19710602,-1,Washington  Senators
53040,19710604,-2,Washington  Senators
53041,19710605,-5,Washington  Senators
53042,19710606,-7,Washington  Senators
53043,19710618,3,Washington  Senators
53044,19710619,2,Washington  Senators
53045,19710620,-1,Washington  Senators
53046,19710621,-5,Washington  Senators
53047,19710622,2,Washington  Senators
53048,19710622,-2,Washington  Senators
53049,19710623,-2,Washington  Senators
53050,19710624,-5,Washington  Senators
53051,19710630,1,Washington  Senators
53052,19710701,2,Washington  Senators
53053,19710709,-1,Washington  Senators
53054,19710710,-2,Washington  Senators
53055,19710711,1,Washington  Senators
53056,19710715,5,Washington  Senators
53057,19710716,-2,Washington  Senators
53058,19710717,-2,Washington  Senators
53059,19710718,1,Washington  Senators
53060,19710719,3,Washington  Senators
53061,19710720,4,Washington  Senators
53062,19710721,5,Washington  Senators
53063,19710722,-2,Washington  Senators
53064,19710805,-6,Washington  Senators
53065,19710806,4,Washington  Senators
53066,19710807,7,Washington  Senators
53067,19710808,-4,Washington  Senators
53068,19710810,-7,Washington  Senators
53069,19710810,-2,Washington  Senators
53070,19710811,-1,Washington  Senators
53071,19710812,-2,Washington  Senators
53072,19710812,1,Washington  Senators
53073,19710813,4,Washington  Senators
53074,19710814,2,Washington  Senators
53075,19710815,-1,Washington  Senators
53076,19710817,7,Washington  Senators
53077,19710818,7,Washington  Senators
53078,19710903,-2,Washington  Senators
53079,19710904,-4,Washington  Senators
53080,19710905,2,Washington  Senators
53081,19710906,-3,Washington  Senators
53082,19710907,-1,Washington  Senators
53083,19710908,-2,Washington  Senators
53084,19710917,-3,Washington  Senators
53085,19710918,5,Washington  Senators
53086,19710919,-1,Washington  Senators
53087,19710920,-2,Washington  Senators
53088,19710921,8,Washington  Senators
53089,19710922,1,Washington  Senators
53090,19710928,2,Washington  Senators
53091,19710929,-3,Washington  Senators
53092,19710930,2,Washington  Senators
